SourceColumn,MissingCount,MissingPct,DistinctCount,Decision,TargetColumns,Reason
AsOfDate,0,0.0,1,KEEP,AsOfDate,CO_TRONG_KHO
Program,0,0.0,1,DROP,,HANG_SO
LocationID,0,0.0,2338,KEEP,LocationID|LocationIDLookup,CO_TRONG_KHO
BorrName,0,0.0,323606,DROP,,PII
BorrStreet,0,0.0,333420,DROP,,PII
BorrCity,0,0.0,21011,DROP,,PII
BorrState,0,0.0,54,DROP,,PII
BorrZip,0,0.0,21250,DROP,,PII
BankName,0,0.0,2183,KEEP,BankName,CO_TRONG_KHO
BankFDICNumber,41322,10.64,1873,DROP,,NGOAI_PHAM_VI_Q1_Q15
BankNCUANumber,377191,97.13,322,DROP,,THIEU_TREN_50PCT|NGOAI_PHAM_VI_Q1_Q15
BankStreet,0,0.0,2282,DROP,,NGOAI_PHAM_VI_Q1_Q15
BankCity,0,0.0,1666,DROP,,NGOAI_PHAM_VI_Q1_Q15
BankState,0,0.0,54,DROP,,NGOAI_PHAM_VI_Q1_Q15
BankZip,0,0.0,1998,DROP,,NGOAI_PHAM_VI_Q1_Q15
GrossApproval,0,0.0,21175,KEEP,GrossApproval,CO_TRONG_KHO
SBAGuaranteedApproval,0,0.0,29363,KEEP,SBAGuaranteedApproval,CO_TRONG_KHO
ApprovalDate,0,0.0,2285,KEEP,ApprovalDate|FiscalYearDerived,CO_TRONG_KHO
ApprovalFY,0,0.0,7,KEEP,ApprovalFY,CO_TRONG_KHO
FirstDisbursementDate,71186,18.33,2345,DROP,,CHI_DUNG_DQ
ProcessingMethod,0,0.0,19,KEEP,ProcessingMethod|ProcessingMethodLookup,CO_TRONG_KHO
InitialInterestRate,8,0.0,1681,DROP,,CHI_DUNG_DQ
FixedorVariableInterestInd,8,0.0,2,DROP,,NGOAI_PHAM_VI_Q1_Q15
TermInMonths,0,0.0,347,KEEP,TermInMonths|TermBandCode,CO_TRONG_KHO
NaicsCode,0,0.0,1157,KEEP,NaicsCode|NaicsSectorCode|SectorMappingStatus|NaicsCodeLookup,CO_TRONG_KHO
NaicsDescription,0,0.0,1131,KEEP,NaicsDescription|NaicsDescriptionLookup,CO_TRONG_KHO
FranchiseCode,341756,88.0,3690,DROP,,THIEU_TREN_50PCT|NGOAI_PHAM_VI_Q1_Q15
FranchiseName,341920,88.05,3543,DROP,,THIEU_TREN_50PCT|NGOAI_PHAM_VI_Q1_Q15
ProjectCounty,0,0.0,1855,KEEP,ProjectCounty|ProjectCountyLookup,CO_TRONG_KHO
ProjectState,0,0.0,54,KEEP,ProjectState|ProjectStateLookup,CO_TRONG_KHO
SBADistrictOffice,0,0.0,67,DROP,,NGOAI_PHAM_VI_Q1_Q15
CongressionalDistrict,24,0.01,54,DROP,,NGOAI_PHAM_VI_Q1_Q15
BusinessType,34,0.01,3,KEEP,BusinessTypeRaw|BusinessTypeValueStatus|BusinessTypeLookup,CO_TRONG_KHO
BusinessAge,186,0.05,5,KEEP,BusinessAgeRaw|BusinessAgeValueStatus|BusinessAgeLookup,CO_TRONG_KHO
LoanStatus,0,0.0,5,KEEP,RawStatus|CanonicalStatus|RawStatusLookup,CO_TRONG_KHO
PaidInFullDate,320136,82.44,78,DROP,,THIEU_TREN_50PCT|CHI_DUNG_DQ
ChargeOffDate,381450,98.23,1002,DROP,,THIEU_TREN_50PCT|CHI_DUNG_DQ
GrossChargeOffAmount,0,0.0,6472,KEEP,GrossChargeOffAmount,CO_TRONG_KHO
RevolverStatus,0,0.0,2,DROP,,NGOAI_PHAM_VI_Q1_Q15
JobsSupported,0,0.0,281,KEEP,JobsSupported,CO_TRONG_KHO
CollateralInd,0,0.0,2,DROP,,NGOAI_PHAM_VI_Q1_Q15
SoldSecMrktInd,271574,69.93,1,DROP,,THIEU_TREN_50PCT|HANG_SO|NGOAI_PHAM_VI_Q1_Q15
